id,type,indicator,created_at,confidence,source,tags,tlp,notes
"1c5c4a2e-89c6-4170-811a-40e3b2382b3e","URL","https://www.facebook.com/profile.php?id=61577038141130","2025-07-09T09:24:03.291Z","-1","MIGROS-CDC","phishing;brand-abuse;migros","TLP:CLEAR","n/a"
"0ac45599-61d8-4a60-a80e-103602e979cd","URL","https://cutt.ly/Migros-Product-Family_Box","2025-07-09T09:24:03.571Z","-1","MIGROS-CDC","phishing;brand-abuse;migros","TLP:CLEAR","n/a"
"87ef0b61-ca64-4408-b780-3f1fcc75b505","URL","https://www.facebook.com/profile.php?id=61577647870901","2025-07-09T09:24:04.183Z","-1","MIGROS-CDC","phishing;brand-abuse;migros","TLP:CLEAR","n/a"
"15390bf4-3f0d-44ad-bddf-8f10f62cb4ec","URL","https://tinyurl.com/4pf6f2z6","2025-07-10T14:30:10.623Z","-1","MIGROS-CDC","phishing;brand-abuse;migros","TLP:CLEAR","n/a"
"8fc49d35-51ef-4102-9c3a-92c196790a90","URL","https://sites.google.com/view/gagnez-migross/Migros","2025-07-16T06:45:23.393Z","-1","MIGROS-CDC","phishing;brand-abuse;migros","TLP:CLEAR","n/a"
"be53f0dd-3dbc-4cc6-8103-a9ea20934356","URL","https://www.migroscooperatives.com","2025-07-24T10:06:16.397Z","-1","MIGROS-CDC","phishing;brand-abuse;migros","TLP:CLEAR","n/a"
"11bc499c-e0e9-4525-8cb2-fc88a3c52cb7","URL","https://www.facebook.com/share/p/1CWujt7qdB/","2025-07-24T12:06:38.781Z","-1","MIGROS-CDC","phishing;brand-abuse;migros","TLP:CLEAR","n/a"
"00880323-88fa-48ca-be81-d4e20bf0a8f7","URL","https://www.migros.ch.survey.ydns.eu","2025-07-30T14:50:15.542Z","-1","MIGROS-CDC","phishing;brand-abuse;migros","TLP:CLEAR","n/a"
"c002e3d9-5ced-4a99-8876-5af8304e1ece","URL","https://migros.ch.survey.ydns.eu","2025-07-30T15:36:14.090Z","-1","MIGROS-CDC","phishing;brand-abuse;migros","TLP:CLEAR","n/a"
"e88b0fdd-10cd-485a-935c-1039409316e7","URL","https://www.facebook.com/profile.php?id=61578262654650","2025-08-04T12:00:40.922Z","-1","MIGROS-CDC","phishing;brand-abuse;migros","TLP:CLEAR","n/a"
"5b8c1822-1128-4950-bc85-287a23a94739","URL","https://geometrically.infivolt.eu/OqpaAArlNn7/","2025-08-21T09:12:11.875Z","-1","MIGROS-CDC","phishing;brand-abuse;migros","TLP:CLEAR","n/a"
"e6a25cef-3c4e-4688-ab0d-49fdd09c4eb2","URL","https://clientshareflie.juelc.click/aedc7598ecfa483c93e5a8eae1178ae9","2025-08-21T10:58:50.666Z","-1","MIGROS-CDC","phishing;brand-abuse;migros","TLP:CLEAR","n/a"
"89d8ca0d-b50c-4bd3-bc01-1bc76b072f61","URL","https://digitec.id815017185.click/kQQpMgLTQZgAtCjB","2025-08-25T07:10:09.377Z","-1","MIGROS-CDC","phishing;brand-abuse;migros","TLP:CLEAR","n/a"
"77dd196d-9b74-4a74-b88f-0122b097b434","URL","https://www.facebook.com/profile.php?id=61578383843308","2025-08-26T16:20:52.666Z","-1","MIGROS-CDC","phishing;brand-abuse;migros","TLP:CLEAR","n/a"
"3120e404-f8b3-414e-92fa-ea74170e43e5","URL","http://migros.com-prize.com","2025-09-02T14:08:03.311Z","-1","MIGROS-CDC","phishing;brand-abuse;migros","TLP:CLEAR","n/a"
"7d89dc83-a3b8-47ce-aac1-bd927f8179bc","URL","https://migrosgeschenk.top","2025-09-16T14:09:02.331Z","-1","MIGROS-CDC","phishing;brand-abuse;migros","TLP:CLEAR","n/a"
"30dd5b6e-7337-4fef-b827-3d2aaff75050","URL","https://migrosangebote.top","2025-09-16T14:09:03.310Z","-1","MIGROS-CDC","phishing;brand-abuse;migros","TLP:CLEAR","n/a"
"cd2ebe15-4e4e-4211-bee8-7bf72401e920","URL","https://www.migrospremium.top","2025-09-23T14:09:13.962Z","-1","MIGROS-CDC","phishing;brand-abuse;migros","TLP:CLEAR","n/a"
"9713a8e8-46a6-42ce-b991-58e35668167d","DOMAIN-NAME","1.isownisoupahgu.xyz","2025-10-10T14:14:48.400Z","-1","MIGROS-CDC","phishing;brand-abuse;migros","TLP:CLEAR","n/a"
"1ba83d90-b93d-4d02-a676-355faef1efee","DOMAIN-NAME","amexorg.click","2025-10-10T14:14:48.406Z","-1","MIGROS-CDC","phishing;brand-abuse;migros","TLP:CLEAR","n/a"
"d9726b61-feb1-4adc-8783-a44ab78b393f","DOMAIN-NAME","amexteams.top","2025-10-10T14:14:48.585Z","-1","MIGROS-CDC","phishing;brand-abuse;migros","TLP:CLEAR","n/a"
"fb3288cc-6ce2-4962-a807-2a0ae7c43979","DOMAIN-NAME","amexteame.click","2025-10-10T14:14:48.630Z","-1","MIGROS-CDC","phishing;brand-abuse;migros","TLP:CLEAR","n/a"
"4c8e3a0c-70aa-42b5-b908-aafd09152d85","DOMAIN-NAME","amexvipgc.click","2025-10-10T14:14:48.635Z","-1","MIGROS-CDC","phishing;brand-abuse;migros","TLP:CLEAR","n/a"
"c5d96ab8-584e-4ad7-8cca-7a6d6f4535e4","DOMAIN-NAME","amexteams.click","2025-10-10T14:14:48.641Z","-1","MIGROS-CDC","phishing;brand-abuse;migros","TLP:CLEAR","n/a"
"94905649-e57d-49be-9711-a3775e15cbff","DOMAIN-NAME","amexvip.top","2025-10-10T14:14:48.641Z","-1","MIGROS-CDC","phishing;brand-abuse;migros","TLP:CLEAR","n/a"
"0bfeb298-6296-4314-9829-968bc8da1f73","DOMAIN-NAME","amexvip.cfd","2025-10-10T14:14:48.641Z","-1","MIGROS-CDC","phishing;brand-abuse;migros","TLP:CLEAR","n/a"
"c62ef02b-100d-4f30-81dc-944cc8059edd","DOMAIN-NAME","amexteam.top","2025-10-10T14:14:48.641Z","-1","MIGROS-CDC","phishing;brand-abuse;migros","TLP:CLEAR","n/a"
"b2a6c65e-e891-4696-b476-7fe002792337","DOMAIN-NAME","amexteamgo.click","2025-10-10T14:14:48.649Z","-1","MIGROS-CDC","phishing;brand-abuse;migros","TLP:CLEAR","n/a"
"fd91a5b2-cb8e-4c64-ad28-81ded0f05a3f","DOMAIN-NAME","amexvipgr.click","2025-10-10T14:14:48.650Z","-1","MIGROS-CDC","phishing;brand-abuse;migros","TLP:CLEAR","n/a"
"3fd8786a-811c-4d06-8182-1abd984d09ed","DOMAIN-NAME","amexvipgo.click","2025-10-10T14:14:48.650Z","-1","MIGROS-CDC","phishing;brand-abuse;migros","TLP:CLEAR","n/a"
"a55079c7-af55-4166-b199-bb455d0e45c2","DOMAIN-NAME","amexvipgs.click","2025-10-10T14:14:48.673Z","-1","MIGROS-CDC","phishing;brand-abuse;migros","TLP:CLEAR","n/a"
"209de454-b8ea-4fd4-99f3-e7a55aba7004","DOMAIN-NAME","coopteam.click","2025-10-10T14:14:48.673Z","-1","MIGROS-CDC","phishing;brand-abuse;migros","TLP:CLEAR","n/a"
"572a53d4-b7d8-4ef9-9045-2f4a855fa6eb","DOMAIN-NAME","migros-cumulusbonus.click","2025-10-10T14:14:48.673Z","-1","MIGROS-CDC","phishing;brand-abuse;migros","TLP:CLEAR","n/a"
"76bf6aaf-ab4c-447b-a368-0931415b7ad1","DOMAIN-NAME","coopvips.top","2025-10-10T14:14:48.721Z","-1","MIGROS-CDC","phishing;brand-abuse;migros","TLP:CLEAR","n/a"
"de0c4a01-f2b2-4715-938b-4a41066a19fd","DOMAIN-NAME","correosvip.click","2025-10-10T14:14:48.721Z","-1","MIGROS-CDC","phishing;brand-abuse;migros","TLP:CLEAR","n/a"
"1bad2de3-0227-4625-900c-f0b6081282a1","DOMAIN-NAME","coopvip.click","2025-10-10T14:14:48.830Z","-1","MIGROS-CDC","phishing;brand-abuse;migros","TLP:CLEAR","n/a"
"12e5576f-60d0-42f1-bbb5-1c72b4da2c52","DOMAIN-NAME","migros-praemien.click","2025-10-10T14:14:48.830Z","-1","MIGROS-CDC","phishing;brand-abuse;migros","TLP:CLEAR","n/a"
"d01b0d33-6b60-4ecc-897b-b0f30c3c20de","DOMAIN-NAME","correosvips.click","2025-10-10T14:14:48.830Z","-1","MIGROS-CDC","phishing;brand-abuse;migros","TLP:CLEAR","n/a"
"464daa40-061d-4b37-aec5-e71740686c2c","DOMAIN-NAME","migros365club.top","2025-10-10T14:14:48.830Z","-1","MIGROS-CDC","phishing;brand-abuse;migros","TLP:CLEAR","n/a"
"bb607649-461f-4df9-b21f-4a49b7f8cc42","DOMAIN-NAME","dpdans.click","2025-10-10T14:14:48.830Z","-1","MIGROS-CDC","phishing;brand-abuse;migros","TLP:CLEAR","n/a"
"7de3c10c-9940-4883-980b-6465be88f8bd","DOMAIN-NAME","amexvipin.click","2025-10-10T14:14:48.830Z","-1","MIGROS-CDC","phishing;brand-abuse;migros","TLP:CLEAR","n/a"
"57022326-3e19-41f4-a6d6-740efce4045e","DOMAIN-NAME","amexvips.top","2025-10-10T14:14:48.830Z","-1","MIGROS-CDC","phishing;brand-abuse;migros","TLP:CLEAR","n/a"
"393bfd06-fa9e-481b-80e5-81fc016ab510","DOMAIN-NAME","amexvipge.click","2025-10-10T14:14:48.830Z","-1","MIGROS-CDC","phishing;brand-abuse;migros","TLP:CLEAR","n/a"
"404c349a-2e3e-4f29-81ed-4e34b2c95902","DOMAIN-NAME","finanzbruecke.finance","2025-10-10T14:14:48.831Z","-1","MIGROS-CDC","phishing;brand-abuse;migros","TLP:CLEAR","n/a"
"a6bc8052-2b77-4827-a0ce-5feb3a79bdb4","DOMAIN-NAME","dpdorgs.click","2025-10-10T14:14:48.831Z","-1","MIGROS-CDC","phishing;brand-abuse;migros","TLP:CLEAR","n/a"
"063751ac-9780-42ea-b7bc-4d2cc58c1758","DOMAIN-NAME","kgmvip.click","2025-10-10T14:14:48.831Z","-1","MIGROS-CDC","phishing;brand-abuse;migros","TLP:CLEAR","n/a"
"9b9cc3a8-6f18-4465-94ba-a412e48cd992","DOMAIN-NAME","migros365reward.top","2025-10-10T14:14:48.831Z","-1","MIGROS-CDC","phishing;brand-abuse;migros","TLP:CLEAR","n/a"
"a8d8be98-debc-4576-93fe-f3c033a6007b","DOMAIN-NAME","amexvipgu.click","2025-10-10T14:14:48.831Z","-1","MIGROS-CDC","phishing;brand-abuse;migros","TLP:CLEAR","n/a"
"d1b39650-eb6f-40e7-81a5-afe41d06e6b2","DOMAIN-NAME","coopteam.top","2025-10-10T14:14:48.831Z","-1","MIGROS-CDC","phishing;brand-abuse;migros","TLP:CLEAR","n/a"
"7a5b22a7-79c0-4aa5-8493-d2c0ce11e259","DOMAIN-NAME","coopvip.top","2025-10-10T14:14:48.831Z","-1","MIGROS-CDC","phishing;brand-abuse;migros","TLP:CLEAR","n/a"
"ba8b96a0-21f4-4303-9141-4e15ceecf13b","DOMAIN-NAME","migrosbelohnung365.top","2025-10-10T14:14:48.861Z","-1","MIGROS-CDC","phishing;brand-abuse;migros","TLP:CLEAR","n/a"
"3094231b-9692-4cbd-8010-d79362f71a9f","DOMAIN-NAME","migrosbelohnugen.top","2025-10-10T14:14:48.862Z","-1","MIGROS-CDC","phishing;brand-abuse;migros","TLP:CLEAR","n/a"
"85d4813a-cf87-4173-9de4-5eaed0803b3f","DOMAIN-NAME","migros2025spunkte.top","2025-10-10T14:14:48.868Z","-1","MIGROS-CDC","phishing;brand-abuse;migros","TLP:CLEAR","n/a"
"bb6824a8-c9a7-4508-b5ad-a5d4bf4c812c","DOMAIN-NAME","migrosbonuspunkte.site","2025-10-10T14:14:48.868Z","-1","MIGROS-CDC","phishing;brand-abuse;migros","TLP:CLEAR","n/a"
"1ac5c8e9-335b-45a5-89ed-ffd921d95018","DOMAIN-NAME","migros365spunkte.top","2025-10-10T14:14:48.868Z","-1","MIGROS-CDC","phishing;brand-abuse;migros","TLP:CLEAR","n/a"
"f21eaf95-85b8-43aa-837b-637e594de996","DOMAIN-NAME","migros365rabattpunkte.top","2025-10-10T14:14:48.868Z","-1","MIGROS-CDC","phishing;brand-abuse;migros","TLP:CLEAR","n/a"
"8e8caede-f810-49b6-8ff8-77100359a734","DOMAIN-NAME","migros-gutschein.click","2025-10-10T14:14:48.868Z","-1","MIGROS-CDC","phishing;brand-abuse;migros","TLP:CLEAR","n/a"
"71afe7c4-3062-414f-996a-501f37ead6cd","DOMAIN-NAME","migrosbelohnung.top","2025-10-10T14:14:48.868Z","-1","MIGROS-CDC","phishing;brand-abuse;migros","TLP:CLEAR","n/a"
"d814e645-3b21-436d-9727-21fc18d57158","DOMAIN-NAME","migros-einloesen.click","2025-10-10T14:14:48.879Z","-1","MIGROS-CDC","phishing;brand-abuse;migros","TLP:CLEAR","n/a"
"29a8c03a-15f9-4369-b038-424df65f31ec","DOMAIN-NAME","migrosbelohnug.top","2025-10-10T14:14:48.880Z","-1","MIGROS-CDC","phishing;brand-abuse;migros","TLP:CLEAR","n/a"
"aa44c4e1-1324-429b-9dff-35ddf5d16c46","DOMAIN-NAME","migros365points.top","2025-10-10T14:14:48.880Z","-1","MIGROS-CDC","phishing;brand-abuse;migros","TLP:CLEAR","n/a"
"6700014a-99e0-45a3-87e9-4c7357836a24","DOMAIN-NAME","migros-punkte.click","2025-10-10T14:14:48.891Z","-1","MIGROS-CDC","phishing;brand-abuse;migros","TLP:CLEAR","n/a"
"259fe977-e7c0-48b4-8ab8-6b6eea400b3a","DOMAIN-NAME","migrosangebote.top","2025-10-10T14:14:48.891Z","-1","MIGROS-CDC","phishing;brand-abuse;migros","TLP:CLEAR","n/a"
"0598f3fd-1ae4-4922-9d52-64ace231a62d","DOMAIN-NAME","migrosboni.top","2025-10-10T14:14:48.902Z","-1","MIGROS-CDC","phishing;brand-abuse;migros","TLP:CLEAR","n/a"
"461d1e13-02e1-4842-8456-eee072257fc2","DOMAIN-NAME","migros365rewards.top","2025-10-10T14:14:48.906Z","-1","MIGROS-CDC","phishing;brand-abuse;migros","TLP:CLEAR","n/a"
"b9126d1e-76b8-4641-aa28-b4c1307d341d","DOMAIN-NAME","migrosammelpunkte.top","2025-10-10T14:14:48.920Z","-1","MIGROS-CDC","phishing;brand-abuse;migros","TLP:CLEAR","n/a"
"9a8f1f83-11b4-4bbe-bb3b-4fd5e277dc13","DOMAIN-NAME","migros365pointscheck.top","2025-10-10T14:14:48.923Z","-1","MIGROS-CDC","phishing;brand-abuse;migros","TLP:CLEAR","n/a"
"e7f512a2-1c0f-4188-8244-2741f7578383","DOMAIN-NAME","migrosbonuspunkte.top","2025-10-10T14:14:48.924Z","-1","MIGROS-CDC","phishing;brand-abuse;migros","TLP:CLEAR","n/a"
"101c7e55-7aa2-4c52-8b5d-01acbcbe97bb","DOMAIN-NAME","migrosclaim.top","2025-10-10T14:16:04.398Z","-1","MIGROS-CDC","phishing;brand-abuse;migros","TLP:CLEAR","n/a"
"804f1177-b646-415d-ab7d-e820732a58f1","DOMAIN-NAME","migrosclub.top","2025-10-10T14:16:04.411Z","-1","MIGROS-CDC","phishing;brand-abuse;migros","TLP:CLEAR","n/a"
"e49c7ce4-4dbf-4684-8573-a4213b4c98bf","DOMAIN-NAME","migrospraemien24.top","2025-10-10T14:16:04.412Z","-1","MIGROS-CDC","phishing;brand-abuse;migros","TLP:CLEAR","n/a"
"464dbd0b-6385-4618-8463-b514e4d88138","DOMAIN-NAME","migrosgift.click","2025-10-10T14:16:04.412Z","-1","MIGROS-CDC","phishing;brand-abuse;migros","TLP:CLEAR","n/a"
"cb416ccb-e032-4426-9653-8bc6ccafc4fb","DOMAIN-NAME","migrosmy.click","2025-10-10T14:16:04.412Z","-1","MIGROS-CDC","phishing;brand-abuse;migros","TLP:CLEAR","n/a"
"883f1c26-2f8b-48de-b853-cbd63ee694a7","DOMAIN-NAME","migrosexchange.top","2025-10-10T14:16:04.412Z","-1","MIGROS-CDC","phishing;brand-abuse;migros","TLP:CLEAR","n/a"
"9ec56b2e-9d40-42c4-8c66-73ccab4a4296","DOMAIN-NAME","migroseinloesen.top","2025-10-10T14:16:04.412Z","-1","MIGROS-CDC","phishing;brand-abuse;migros","TLP:CLEAR","n/a"
"fa83d9ef-c66a-4b9a-98d1-2f72f5e81092","DOMAIN-NAME","migrosclubs2025.top","2025-10-10T14:16:04.412Z","-1","MIGROS-CDC","phishing;brand-abuse;migros","TLP:CLEAR","n/a"
"0c91c3f8-bd5b-47ad-a4f8-0c43546ef6de","DOMAIN-NAME","migroscard.click","2025-10-10T14:16:04.412Z","-1","MIGROS-CDC","phishing;brand-abuse;migros","TLP:CLEAR","n/a"
"d04b5efd-5eab-4483-94b6-e11b8d52491c","DOMAIN-NAME","migrosdeals365.top","2025-10-10T14:16:04.412Z","-1","MIGROS-CDC","phishing;brand-abuse;migros","TLP:CLEAR","n/a"
"de3fb0c5-bdde-47ba-b7aa-5ffe4dc75bdc","DOMAIN-NAME","migrosdeal.top","2025-10-10T14:16:04.412Z","-1","MIGROS-CDC","phishing;brand-abuse;migros","TLP:CLEAR","n/a"
"cad81cf0-07b8-4c21-afb5-9c2706cf8d4c","DOMAIN-NAME","migroscredit.top","2025-10-10T14:16:04.412Z","-1","MIGROS-CDC","phishing;brand-abuse;migros","TLP:CLEAR","n/a"
"6b90d027-d9c1-468b-9ae8-75ac1200f3bf","DOMAIN-NAME","migrosmitglied.top","2025-10-10T14:16:04.423Z","-1","MIGROS-CDC","phishing;brand-abuse;migros","TLP:CLEAR","n/a"
"315591d3-fbf8-4eb8-9ab7-836e4d679bbd","DOMAIN-NAME","migrospoints.top","2025-10-10T14:16:04.423Z","-1","MIGROS-CDC","phishing;brand-abuse;migros","TLP:CLEAR","n/a"
"7c971232-002d-4103-8b7c-66dcddbe0684","DOMAIN-NAME","migrospointscheck.top","2025-10-10T14:16:04.423Z","-1","MIGROS-CDC","phishing;brand-abuse;migros","TLP:CLEAR","n/a"
"ad037854-8eff-4650-b583-cf4ad0f29ef1","DOMAIN-NAME","migroscmy.click","2025-10-10T14:16:04.423Z","-1","MIGROS-CDC","phishing;brand-abuse;migros","TLP:CLEAR","n/a"
"3ecebb23-1c13-400c-b5a7-c14d4ccae4ca","DOMAIN-NAME","migrosplus365.top","2025-10-10T14:16:04.423Z","-1","MIGROS-CDC","phishing;brand-abuse;migros","TLP:CLEAR","n/a"
"a7479e1d-d921-4ff0-af22-800debc6f9fc","DOMAIN-NAME","migroscredits.top","2025-10-10T14:16:04.424Z","-1","MIGROS-CDC","phishing;brand-abuse;migros","TLP:CLEAR","n/a"
"7482d48d-cdb6-4a0b-abe8-7df492ef7684","DOMAIN-NAME","migrosmehrfachpunkte.top","2025-10-10T14:16:04.424Z","-1","MIGROS-CDC","phishing;brand-abuse;migros","TLP:CLEAR","n/a"
"6a09a558-320b-4c44-b443-00a632bef997","DOMAIN-NAME","migroseinloesen365.top","2025-10-10T14:16:04.424Z","-1","MIGROS-CDC","phishing;brand-abuse;migros","TLP:CLEAR","n/a"
"a9b109c5-dcdb-4ca9-a99e-d066690327dd","DOMAIN-NAME","migrosbonuspunkte365.top","2025-10-10T14:16:04.424Z","-1","MIGROS-CDC","phishing;brand-abuse;migros","TLP:CLEAR","n/a"
"1864205b-67d8-409b-96c0-4b5e4db3f5f6","DOMAIN-NAME","migrosgeschenk.top","2025-10-10T14:16:04.424Z","-1","MIGROS-CDC","phishing;brand-abuse;migros","TLP:CLEAR","n/a"
"50923c28-505b-4aa4-ac89-aa0f3bd5f7bb","DOMAIN-NAME","migrosdeals.top","2025-10-10T14:16:04.424Z","-1","MIGROS-CDC","phishing;brand-abuse;migros","TLP:CLEAR","n/a"
"527a36a0-2d3c-4f9f-a1a3-7ff63e3ebb30","DOMAIN-NAME","migrosextrapunkte.top","2025-10-10T14:16:04.424Z","-1","MIGROS-CDC","phishing;brand-abuse;migros","TLP:CLEAR","n/a"
"2eb0f58d-8971-43b5-a544-d98fc7312647","DOMAIN-NAME","migrosclub365.top","2025-10-10T14:16:04.432Z","-1","MIGROS-CDC","phishing;brand-abuse;migros","TLP:CLEAR","n/a"
"9c41a724-0946-46db-9153-9474d89ebf68","DOMAIN-NAME","migrosreward-989996.cc","2025-10-10T14:16:04.433Z","-1","MIGROS-CDC","phishing;brand-abuse;migros","TLP:CLEAR","n/a"
"3c4c195d-f982-42e7-8f25-af1ecc4b37d1","DOMAIN-NAME","migrospointscheck365.top","2025-10-10T14:16:04.433Z","-1","MIGROS-CDC","phishing;brand-abuse;migros","TLP:CLEAR","n/a"
"acc66ee0-7597-4bc4-ab80-16a24905aff7","DOMAIN-NAME","migrospunkte.click","2025-10-10T14:16:04.433Z","-1","MIGROS-CDC","phishing;brand-abuse;migros","TLP:CLEAR","n/a"
"066533f0-c500-4b62-b726-2f705f6084d9","DOMAIN-NAME","migrospunkteverfallen.top","2025-10-10T14:16:04.433Z","-1","MIGROS-CDC","phishing;brand-abuse;migros","TLP:CLEAR","n/a"
"bd7c027d-de04-4770-9576-efd29bf0f4dd","DOMAIN-NAME","migrosplus.top","2025-10-10T14:16:04.433Z","-1","MIGROS-CDC","phishing;brand-abuse;migros","TLP:CLEAR","n/a"
"3d29c408-598d-45db-bf13-e6a3e6728aa4","DOMAIN-NAME","migrospraemien.top","2025-10-10T14:16:04.433Z","-1","MIGROS-CDC","phishing;brand-abuse;migros","TLP:CLEAR","n/a"
"fdd5d9c3-d12e-414d-9a7f-285ab471c5ab","DOMAIN-NAME","migrosdeal365.top","2025-10-10T14:16:04.433Z","-1","MIGROS-CDC","phishing;brand-abuse;migros","TLP:CLEAR","n/a"
"ed351e79-7762-4c29-afe5-d30f14230d00","DOMAIN-NAME","migrospunkte.online","2025-10-10T14:16:04.433Z","-1","MIGROS-CDC","phishing;brand-abuse;migros","TLP:CLEAR","n/a"
"c9bc1aec-f5e3-458b-a379-723c3a7e2209","DOMAIN-NAME","migroscoupons.top","2025-10-10T14:16:04.433Z","-1","MIGROS-CDC","phishing;brand-abuse;migros","TLP:CLEAR","n/a"
"374cffd5-2dd8-413a-a26e-95215578f862","DOMAIN-NAME","migrosclubs.top","2025-10-10T14:16:04.433Z","-1","MIGROS-CDC","phishing;brand-abuse;migros","TLP:CLEAR","n/a"
"e464f492-61d0-47cd-9ebd-3e073af9e15b","DOMAIN-NAME","migroscumulus.top","2025-10-10T14:16:04.433Z","-1","MIGROS-CDC","phishing;brand-abuse;migros","TLP:CLEAR","n/a"
"35dd79a5-5865-48df-bd4f-4a618bb193e2","DOMAIN-NAME","migrospremium.top","2025-10-10T14:16:04.433Z","-1","MIGROS-CDC","phishing;brand-abuse;migros","TLP:CLEAR","n/a"
"78bce2dc-959f-48f7-927d-5a7873383c36","DOMAIN-NAME","migrospraemien365.top","2025-10-10T14:16:04.434Z","-1","MIGROS-CDC","phishing;brand-abuse;migros","TLP:CLEAR","n/a"
"59e67a59-b62d-44e4-91d8-8e7def606c40","DOMAIN-NAME","migrospreis.top","2025-10-10T14:16:04.434Z","-1","MIGROS-CDC","phishing;brand-abuse;migros","TLP:CLEAR","n/a"
"ebe561e6-263d-4ece-acc7-c3ff9eb0b908","DOMAIN-NAME","migrosrabattpunkte24.top","2025-10-10T14:16:04.434Z","-1","MIGROS-CDC","phishing;brand-abuse;migros","TLP:CLEAR","n/a"
"e7c596a0-2773-4dd6-82c8-8bf6df3865a0","DOMAIN-NAME","migrosredeem.top","2025-10-10T14:16:04.434Z","-1","MIGROS-CDC","phishing;brand-abuse;migros","TLP:CLEAR","n/a"
"15e4d871-f12a-428e-a3b3-aae1979ba542","DOMAIN-NAME","migrosjokerpunkte.top","2025-10-10T14:16:04.446Z","-1","MIGROS-CDC","phishing;brand-abuse;migros","TLP:CLEAR","n/a"
"0b8d2f5d-067c-4240-8df8-c2fd100966cf","DOMAIN-NAME","migrosreward-98996.cc","2025-10-10T14:16:04.446Z","-1","MIGROS-CDC","phishing;brand-abuse;migros","TLP:CLEAR","n/a"
"6b32d746-6eec-4bed-a19c-9adba4472b40","DOMAIN-NAME","migrospunkte.club","2025-10-10T14:16:04.446Z","-1","MIGROS-CDC","phishing;brand-abuse;migros","TLP:CLEAR","n/a"
"7c53a202-9f91-4675-8be6-21f9788dfaef","DOMAIN-NAME","migrospunkte.top","2025-10-10T14:16:04.446Z","-1","MIGROS-CDC","phishing;brand-abuse;migros","TLP:CLEAR","n/a"
"188b2ae3-de4d-41e1-a515-4198e2de9102","DOMAIN-NAME","migrosreward-98995.cc","2025-10-10T14:16:04.446Z","-1","MIGROS-CDC","phishing;brand-abuse;migros","TLP:CLEAR","n/a"
"49720b0f-04fb-4c16-b856-a73a9c168d7b","DOMAIN-NAME","migrosccard.click","2025-10-10T14:16:04.446Z","-1","MIGROS-CDC","phishing;brand-abuse;migros","TLP:CLEAR","n/a"
"e3b7439d-cfb8-4778-86ff-aa70a642df03","DOMAIN-NAME","migrosconvert.top","2025-10-10T14:16:04.446Z","-1","MIGROS-CDC","phishing;brand-abuse;migros","TLP:CLEAR","n/a"
"2fa25561-1e41-461f-9bf5-d24c6ed89eb0","DOMAIN-NAME","migrospunkte24.top","2025-10-10T14:16:04.468Z","-1","MIGROS-CDC","phishing;brand-abuse;migros","TLP:CLEAR","n/a"
"ce8983ea-7759-4a8c-8a98-5fa27f416e34","DOMAIN-NAME","migrosreward-s12805.top","2025-10-10T14:16:04.468Z","-1","MIGROS-CDC","phishing;brand-abuse;migros","TLP:CLEAR","n/a"
"3fca354b-0082-4593-b957-bc0fa9e568f5","DOMAIN-NAME","migrossofortpunkte.top","2025-10-10T14:17:28.870Z","-1","MIGROS-CDC","phishing;brand-abuse;migros","TLP:CLEAR","n/a"
"849e1df1-9ed2-4b7d-9c75-1bf31cd47daf","DOMAIN-NAME","migrosreward.535151.com","2025-10-10T14:17:28.870Z","-1","MIGROS-CDC","phishing;brand-abuse;migros","TLP:CLEAR","n/a"
"ad772128-8962-469b-b4af-6ac5851729c2","DOMAIN-NAME","migrosreward.353589.com","2025-10-10T14:17:28.870Z","-1","MIGROS-CDC","phishing;brand-abuse;migros","TLP:CLEAR","n/a"
"8bcd47f2-cf7a-46f9-9b8a-3ebfd5d28bc9","DOMAIN-NAME","migrosrewardsprogram.top","2025-10-10T14:17:28.870Z","-1","MIGROS-CDC","phishing;brand-abuse;migros","TLP:CLEAR","n/a"
"141912af-ac38-4c53-9be8-58717a5a123e","DOMAIN-NAME","migrostreuepunkte.online","2025-10-10T14:17:28.874Z","-1","MIGROS-CDC","phishing;brand-abuse;migros","TLP:CLEAR","n/a"
"321ecfd8-b813-4503-95b3-8951bd5fce40","DOMAIN-NAME","migrosreward.141888.cc","2025-10-10T14:17:28.882Z","-1","MIGROS-CDC","phishing;brand-abuse;migros","TLP:CLEAR","n/a"
"1d7b5112-a194-4f7e-98b7-d8202f762f90","DOMAIN-NAME","migrosumtausch24.top","2025-10-10T14:17:28.885Z","-1","MIGROS-CDC","phishing;brand-abuse;migros","TLP:CLEAR","n/a"
"1f59cde5-29f6-4553-8a8a-10b28a6168bd","DOMAIN-NAME","migrosreward.997966.cc","2025-10-10T14:17:28.885Z","-1","MIGROS-CDC","phishing;brand-abuse;migros","TLP:CLEAR","n/a"
"b71ebe25-2f76-4402-8f7c-dfbfaa8c6c6d","DOMAIN-NAME","migrosteam.click","2025-10-10T14:17:28.893Z","-1","MIGROS-CDC","phishing;brand-abuse;migros","TLP:CLEAR","n/a"
"aae34cbc-16f2-45db-851e-5fc1bd2f873e","DOMAIN-NAME","migrostreuepunkte.club","2025-10-10T14:17:28.893Z","-1","MIGROS-CDC","phishing;brand-abuse;migros","TLP:CLEAR","n/a"
"a0b600c1-23a8-4a55-861c-a439c5dbebfd","DOMAIN-NAME","migrosreward.939568.com","2025-10-10T14:17:28.901Z","-1","MIGROS-CDC","phishing;brand-abuse;migros","TLP:CLEAR","n/a"
"8bccc3f2-aba1-4004-8ce4-fc20fb92f247","DOMAIN-NAME","migrosreward.922364.cc","2025-10-10T14:17:28.901Z","-1","MIGROS-CDC","phishing;brand-abuse;migros","TLP:CLEAR","n/a"
"e3d53e19-0945-4734-80b4-e7df1db5d270","DOMAIN-NAME","migrosumtausch365.top","2025-10-10T14:17:28.908Z","-1","MIGROS-CDC","phishing;brand-abuse;migros","TLP:CLEAR","n/a"
"6641aa9f-9ab9-4f39-918b-95a3d03b55d8","DOMAIN-NAME","migrosreward.797986.com","2025-10-10T14:17:28.908Z","-1","MIGROS-CDC","phishing;brand-abuse;migros","TLP:CLEAR","n/a"
"4579ac09-7e10-4380-9cba-a901cbc24207","DOMAIN-NAME","migrostreuepunkte.top","2025-10-10T14:17:28.912Z","-1","MIGROS-CDC","phishing;brand-abuse;migros","TLP:CLEAR","n/a"
"e71106ae-833c-4132-96ed-10ac74ca6c39","DOMAIN-NAME","migrostreueprogramm.top","2025-10-10T14:17:28.913Z","-1","MIGROS-CDC","phishing;brand-abuse;migros","TLP:CLEAR","n/a"
"7173949f-0a3c-4647-8a36-15d176781ab3","DOMAIN-NAME","migross.cc","2025-10-10T14:17:28.913Z","-1","MIGROS-CDC","phishing;brand-abuse;migros","TLP:CLEAR","n/a"
"b0538c11-265a-4b71-b0d9-5a43848053aa","DOMAIN-NAME","migrosreward.top","2025-10-10T14:17:28.917Z","-1","MIGROS-CDC","phishing;brand-abuse;migros","TLP:CLEAR","n/a"
"1c2b5ebc-0a39-4dc3-a68f-699cacb4c6fc","DOMAIN-NAME","migrossammelpunkte.top","2025-10-10T14:17:28.917Z","-1","MIGROS-CDC","phishing;brand-abuse;migros","TLP:CLEAR","n/a"
"f253f0e5-a743-4671-9d72-477ea2b322a0","DOMAIN-NAME","migrosreward.323737.com","2025-10-10T14:17:28.917Z","-1","MIGROS-CDC","phishing;brand-abuse;migros","TLP:CLEAR","n/a"
"843f2240-8ea8-44e1-9b86-f01024fb4120","DOMAIN-NAME","migrosvips.click","2025-10-10T14:17:28.923Z","-1","MIGROS-CDC","phishing;brand-abuse;migros","TLP:CLEAR","n/a"
"0109e4ce-760a-4d4a-924d-0d959bf2d70a","DOMAIN-NAME","migrosumtausch.top","2025-10-10T14:17:28.923Z","-1","MIGROS-CDC","phishing;brand-abuse;migros","TLP:CLEAR","n/a"
"54b077a6-e92f-4be4-a294-1893273c091f","DOMAIN-NAME","migrosrewards.top","2025-10-10T14:17:28.923Z","-1","MIGROS-CDC","phishing;brand-abuse;migros","TLP:CLEAR","n/a"
"e869510e-3859-4eca-90d8-e5106b310794","DOMAIN-NAME","migrovip.top","2025-10-10T14:17:28.923Z","-1","MIGROS-CDC","phishing;brand-abuse;migros","TLP:CLEAR","n/a"
"9030e779-7250-41f8-aa77-b5b0ca94bf1e","DOMAIN-NAME","migrosspremium.top","2025-10-10T14:17:28.923Z","-1","MIGROS-CDC","phishing;brand-abuse;migros","TLP:CLEAR","n/a"
"8a966fcf-3b99-4a58-9b23-df225f06e6fb","DOMAIN-NAME","migrosvmy.click","2025-10-10T14:17:28.923Z","-1","MIGROS-CDC","phishing;brand-abuse;migros","TLP:CLEAR","n/a"
"4bfa4a8e-efec-4ef3-b02e-4fd0740a4a15","DOMAIN-NAME","migrosreward.808079.com","2025-10-10T14:17:28.923Z","-1","MIGROS-CDC","phishing;brand-abuse;migros","TLP:CLEAR","n/a"
"92b5dc2f-f49e-490a-822b-86c9e76a4a27","DOMAIN-NAME","migrosvip.click","2025-10-10T14:17:28.931Z","-1","MIGROS-CDC","phishing;brand-abuse;migros","TLP:CLEAR","n/a"
"6a01125d-e195-4fc8-9b66-ceeed7fafacd","DOMAIN-NAME","migrosxcard.click","2025-10-10T14:17:28.931Z","-1","MIGROS-CDC","phishing;brand-abuse;migros","TLP:CLEAR","n/a"
"e04122a9-1921-4057-b28e-63466511c293","DOMAIN-NAME","migrosxvip.click","2025-10-10T14:17:28.931Z","-1","MIGROS-CDC","phishing;brand-abuse;migros","TLP:CLEAR","n/a"
"c8c6e002-04ca-4a58-ade8-abf2cfe5c4b7","DOMAIN-NAME","migrosxmy.click","2025-10-10T14:17:28.931Z","-1","MIGROS-CDC","phishing;brand-abuse;migros","TLP:CLEAR","n/a"
"b42261ef-b2a5-4d61-9092-2e243fb9097b","DOMAIN-NAME","migroteams.click","2025-10-10T14:17:28.931Z","-1","MIGROS-CDC","phishing;brand-abuse;migros","TLP:CLEAR","n/a"
"2b02aa17-346f-46e2-98df-c66850a6508d","DOMAIN-NAME","migrovipgos.click","2025-10-10T14:17:28.937Z","-1","MIGROS-CDC","phishing;brand-abuse;migros","TLP:CLEAR","n/a"
"c37ed17b-1691-4788-b556-8d7a7591c4c4","DOMAIN-NAME","migroszusatzpunkte.top","2025-10-10T14:17:28.944Z","-1","MIGROS-CDC","phishing;brand-abuse;migros","TLP:CLEAR","n/a"
"5359ced8-052b-46f3-b3de-c070a5ad9c63","DOMAIN-NAME","mligros.cc","2025-10-10T14:17:28.944Z","-1","MIGROS-CDC","phishing;brand-abuse;migros","TLP:CLEAR","n/a"
"10032081-5502-479a-acac-4b8c5098088d","DOMAIN-NAME","migrros.cc","2025-10-10T14:17:28.944Z","-1","MIGROS-CDC","phishing;brand-abuse;migros","TLP:CLEAR","n/a"
"c4eb5e8b-1a87-488b-8579-8f52cf7cf06c","DOMAIN-NAME","mligrros.cc","2025-10-10T14:17:28.949Z","-1","MIGROS-CDC","phishing;brand-abuse;migros","TLP:CLEAR","n/a"
"b92cbea7-48ca-4b90-9db8-e255d656aa67","DOMAIN-NAME","migrovips.top","2025-10-10T14:17:28.951Z","-1","MIGROS-CDC","phishing;brand-abuse;migros","TLP:CLEAR","n/a"
"2f2e53b7-27f5-4962-b2c5-8e89cca7874e","DOMAIN-NAME","www.kgmvip.click","2025-10-10T14:17:28.951Z","-1","MIGROS-CDC","phishing;brand-abuse;migros","TLP:CLEAR","n/a"
"1ff9470c-da63-4d86-8d75-86d0263f787d","DOMAIN-NAME","www.finanzbruecke.finance","2025-10-10T14:17:28.951Z","-1","MIGROS-CDC","phishing;brand-abuse;migros","TLP:CLEAR","n/a"
"36e3dcbf-850e-4bda-998a-0d6852eb9664","DOMAIN-NAME","www.migrosspremium.top","2025-10-10T14:17:28.959Z","-1","MIGROS-CDC","phishing;brand-abuse;migros","TLP:CLEAR","n/a"
"ad55ec13-9a44-47e6-9ce5-9260c7e633a1","DOMAIN-NAME","www.migroscard.click","2025-10-10T14:17:28.959Z","-1","MIGROS-CDC","phishing;brand-abuse;migros","TLP:CLEAR","n/a"
"ad942590-4e6e-47f3-8b61-90e423740b42","DOMAIN-NAME","www.migrosxmy.click","2025-10-10T14:17:28.961Z","-1","MIGROS-CDC","phishing;brand-abuse;migros","TLP:CLEAR","n/a"
"6840f7a5-6fe0-4792-bef4-27d8d19eb32e","DOMAIN-NAME","www.amexvip.top","2025-10-10T14:17:28.962Z","-1","MIGROS-CDC","phishing;brand-abuse;migros","TLP:CLEAR","n/a"
"d9827475-6419-4c05-a37c-171fe967271e","DOMAIN-NAME","migrovipgo.click","2025-10-10T14:17:28.964Z","-1","MIGROS-CDC","phishing;brand-abuse;migros","TLP:CLEAR","n/a"
"024a3e20-4b00-44ae-a2b5-5d7d8e5e271c","DOMAIN-NAME","www.migrosmy.click","2025-10-10T14:17:28.964Z","-1","MIGROS-CDC","phishing;brand-abuse;migros","TLP:CLEAR","n/a"
"8d676e16-e143-4597-8617-1028a4b1a7ff","DOMAIN-NAME","migroxvip.click","2025-10-10T14:17:28.970Z","-1","MIGROS-CDC","phishing;brand-abuse;migros","TLP:CLEAR","n/a"
"a546a901-f985-499a-8e83-ace08c27d970","DOMAIN-NAME","www.migrosteam.click","2025-10-10T14:17:28.970Z","-1","MIGROS-CDC","phishing;brand-abuse;migros","TLP:CLEAR","n/a"
"98c1c03a-cbcf-40ab-b3f8-8fd8d529118a","DOMAIN-NAME","www.migrosvip.click","2025-10-10T14:17:28.985Z","-1","MIGROS-CDC","phishing;brand-abuse;migros","TLP:CLEAR","n/a"
"f96cd6f1-788b-4e05-a492-a782c661142e","DOMAIN-NAME","www.migroteams.click","2025-10-10T14:17:28.988Z","-1","MIGROS-CDC","phishing;brand-abuse;migros","TLP:CLEAR","n/a"
"1f7f5de2-1b03-4071-8dc8-3c8c40d76b83","DOMAIN-NAME","migro-bike.com","2025-10-10T14:18:30.146Z","-1","MIGROS-CDC","phishing;brand-abuse;migros","TLP:CLEAR","n/a"
"1d5b18cc-3394-42e7-92d5-02332aaeac8c","DOMAIN-NAME","migrosreward.11633.cc","2025-10-10T14:18:30.162Z","-1","MIGROS-CDC","phishing;brand-abuse;migros","TLP:CLEAR","n/a"
"48ca84b6-6752-4dcc-976d-f0663244e33b","DOMAIN-NAME","migro.ag","2025-10-10T14:18:30.164Z","-1","MIGROS-CDC","phishing;brand-abuse;migros","TLP:CLEAR","n/a"
"984bff92-423f-48c4-ad44-2a6c480b5b6e","DOMAIN-NAME","migrosreward.11625.cc","2025-10-10T14:18:30.164Z","-1","MIGROS-CDC","phishing;brand-abuse;migros","TLP:CLEAR","n/a"
"841e6dbf-40dc-46f6-8434-a4f0deb9055c","DOMAIN-NAME","migroa.us","2025-10-10T14:18:30.164Z","-1","MIGROS-CDC","phishing;brand-abuse;migros","TLP:CLEAR","n/a"
"b2b2f42b-379a-4c9a-a799-91142ee1cbb3","DOMAIN-NAME","migrosreward.11698.cc","2025-10-10T14:18:30.166Z","-1","MIGROS-CDC","phishing;brand-abuse;migros","TLP:CLEAR","n/a"
"cf8cdf3b-cf3c-471e-82a1-e0ff54136ddd","DOMAIN-NAME","migrosreward.344117.com","2025-10-10T14:18:30.173Z","-1","MIGROS-CDC","phishing;brand-abuse;migros","TLP:CLEAR","n/a"
"a1da528e-c4b4-4b94-ad79-53c9d6831ba9","DOMAIN-NAME","migrosreward.165486.com","2025-10-10T14:18:30.174Z","-1","MIGROS-CDC","phishing;brand-abuse;migros","TLP:CLEAR","n/a"
"72245f26-d136-42a8-9fe9-02e06e8995f3","DOMAIN-NAME","migrosreward.808979.com","2025-10-10T14:18:30.182Z","-1","MIGROS-CDC","phishing;brand-abuse;migros","TLP:CLEAR","n/a"
"007f0437-f8cc-414d-9453-d3a56b96c4d5","DOMAIN-NAME","migrosreward.477231.com","2025-10-10T14:18:30.182Z","-1","MIGROS-CDC","phishing;brand-abuse;migros","TLP:CLEAR","n/a"
"48b13029-22ae-4f92-af27-16ba6367a6d7","DOMAIN-NAME","migrosreward.759569.com","2025-10-10T14:18:30.184Z","-1","MIGROS-CDC","phishing;brand-abuse;migros","TLP:CLEAR","n/a"
"35bb0a38-93f8-4be4-9076-66810e37e66c","DOMAIN-NAME","migrosteams.click","2025-10-10T14:18:30.185Z","-1","MIGROS-CDC","phishing;brand-abuse;migros","TLP:CLEAR","n/a"
"0fd8cde1-ccba-4c06-a870-e684f9bb3e28","URL","http://migrosteam.click/","2025-10-10T14:21:07.548Z","-1","MIGROS-CDC","phishing;brand-abuse;migros","TLP:CLEAR","n/a"
"ed6bfd1d-662f-4316-9ebb-e39f53d388d7","URL","http://migrosxcard.click/","2025-10-10T14:21:07.551Z","-1","MIGROS-CDC","phishing;brand-abuse;migros","TLP:CLEAR","n/a"
"a0bf54bd-1650-4e12-9f32-884ee4fdcc7f","URL","http://migrosxmy.click/","2025-10-10T14:21:07.551Z","-1","MIGROS-CDC","phishing;brand-abuse;migros","TLP:CLEAR","n/a"
"31768d5c-5b12-4205-bf00-ecc7957e3a7c","URL","https://migrosreward.77588.cc/link/c_pay.html","2025-10-10T14:21:07.552Z","-1","MIGROS-CDC","phishing;brand-abuse;migros","TLP:CLEAR","n/a"
"568f2332-cf5a-46e9-920a-2bd8a5e98728","URL","https://migrosreward.922364.cc/link","2025-10-10T14:21:07.552Z","-1","MIGROS-CDC","phishing;brand-abuse;migros","TLP:CLEAR","n/a"
"16d3f260-20a5-469b-960e-d9cdcba7f09b","URL","https://migrospunkte.top/","2025-10-10T14:21:07.634Z","-1","MIGROS-CDC","phishing;brand-abuse;migros","TLP:CLEAR","n/a"
"8d3f460a-1079-4d81-a703-196b95331a06","URL","https://migropunktepraemien.top/ch/c_pay.html","2025-10-10T14:21:07.638Z","-1","MIGROS-CDC","phishing;brand-abuse;migros","TLP:CLEAR","n/a"
"bf2a57f7-98b8-497c-a7dd-3a991f97247a","URL","https://migrospreis.top/","2025-10-10T14:21:07.641Z","-1","MIGROS-CDC","phishing;brand-abuse;migros","TLP:CLEAR","n/a"
"0ed7836e-d0fd-4e9a-b938-7dbec1583aad","URL","https://migrros.cc/ch/","2025-10-10T14:21:07.643Z","-1","MIGROS-CDC","phishing;brand-abuse;migros","TLP:CLEAR","n/a"
"ecee7817-a2ef-4852-af97-8dacd9671b2d","URL","http://migrovips.top/ch","2025-10-10T14:21:07.644Z","-1","MIGROS-CDC","phishing;brand-abuse;migros","TLP:CLEAR","n/a"
"c5b4c61f-c294-4130-a59c-2bea33eee77c","URL","https://migros365club.top/ch/","2025-10-10T14:21:07.644Z","-1","MIGROS-CDC","phishing;brand-abuse;migros","TLP:CLEAR","n/a"
"b2177ae4-aed9-4172-8284-967e7adaa9bb","URL","http://migrob.com/","2025-10-10T14:21:07.646Z","-1","MIGROS-CDC","phishing;brand-abuse;migros","TLP:CLEAR","n/a"
"663ef90e-5c73-47a3-8a91-13040f8bb019","URL","http://migrosvips.click/","2025-10-10T14:21:07.647Z","-1","MIGROS-CDC","phishing;brand-abuse;migros","TLP:CLEAR","n/a"
"1dc058ee-b4a8-426b-b95d-0a00060fd683","URL","http://migrosgift.click/","2025-10-10T14:21:07.649Z","-1","MIGROS-CDC","phishing;brand-abuse;migros","TLP:CLEAR","n/a"
"45098de8-d386-497d-b363-33d4ad34dd77","URL","https://migrospunkte.top/ch/c_pay.html","2025-10-10T14:21:07.649Z","-1","MIGROS-CDC","phishing;brand-abuse;migros","TLP:CLEAR","n/a"
"1f6350a8-e980-4dcb-af45-2b55db983c98","URL","http://migroscard.click/","2025-10-10T14:21:07.653Z","-1","MIGROS-CDC","phishing;brand-abuse;migros","TLP:CLEAR","n/a"
"1be18f00-78d5-4d58-99fc-461f788b15b4","URL","http://migroscmy.click/","2025-10-10T14:21:07.698Z","-1","MIGROS-CDC","phishing;brand-abuse;migros","TLP:CLEAR","n/a"
"151f8b9a-25e5-4876-86cf-ef9808aa7800","URL","https://migros2025spunkte.top/ch","2025-10-10T14:21:07.716Z","-1","MIGROS-CDC","phishing;brand-abuse;migros","TLP:CLEAR","n/a"
"7f7dc69d-7823-4e04-840e-dd79df88fd87","URL","https://migrospunkte.club/ch/c_pay.html","2025-10-10T14:21:07.719Z","-1","MIGROS-CDC","phishing;brand-abuse;migros","TLP:CLEAR","n/a"
"ae58c667-dcc5-4280-88bb-1ee2bbeb0b29","URL","https://migrosclubs2025.top/ch","2025-10-10T14:21:07.733Z","-1","MIGROS-CDC","phishing;brand-abuse;migros","TLP:CLEAR","n/a"
"27b404e7-2150-4910-a2e9-24ed76bc3a6f","URL","http://migroag.ca/","2025-10-10T14:21:07.738Z","-1","MIGROS-CDC","phishing;brand-abuse;migros","TLP:CLEAR","n/a"
"383cda9b-a16e-4b73-acb3-d7af057dcd19","URL","http://migrosdeal.top/","2025-10-10T14:21:07.738Z","-1","MIGROS-CDC","phishing;brand-abuse;migros","TLP:CLEAR","n/a"
"5d4639e9-2f07-4fd5-9b17-e98ca73120cf","URL","http://migrosccard.click/","2025-10-10T14:21:07.747Z","-1","MIGROS-CDC","phishing;brand-abuse;migros","TLP:CLEAR","n/a"
"24fb6c0e-8e29-461d-92c5-115e31124d60","URL","http://migrosreward.900168.com/","2025-10-10T14:21:07.751Z","-1","MIGROS-CDC","phishing;brand-abuse;migros","TLP:CLEAR","n/a"
"23daeaa2-f47f-4e20-a078-22a989a0d581","URL","https://migrosteam.click/ch","2025-10-10T14:21:07.752Z","-1","MIGROS-CDC","phishing;brand-abuse;migros","TLP:CLEAR","n/a"
"d9da0b2b-f200-4e95-800f-6ff2179e5fd4","URL","https://migrovip.top/ch/","2025-10-10T14:21:07.764Z","-1","MIGROS-CDC","phishing;brand-abuse;migros","TLP:CLEAR","n/a"
"b99c28dd-347e-4b42-aaf6-128b20bd4f4e","URL","http://migroteams.click/","2025-10-10T14:21:07.767Z","-1","MIGROS-CDC","phishing;brand-abuse;migros","TLP:CLEAR","n/a"
"78f99188-1f08-4351-a152-eb82c3960875","URL","http://migrosreward.183737.com/","2025-10-10T14:21:07.770Z","-1","MIGROS-CDC","phishing;brand-abuse;migros","TLP:CLEAR","n/a"
"4b01779d-2e7a-42da-bd2d-9b301c4d0cc1","URL","https://mligros.cc/ch/","2025-10-10T14:21:07.770Z","-1","MIGROS-CDC","phishing;brand-abuse;migros","TLP:CLEAR","n/a"
"a5d3ef09-526d-472c-a4fe-262ff346726e","URL","https://migrosbelohnug.top/","2025-10-10T14:21:07.773Z","-1","MIGROS-CDC","phishing;brand-abuse;migros","TLP:CLEAR","n/a"
"40358674-9d76-4d94-8085-cfec06014d97","URL","https://migrosbelohnung.top/ch","2025-10-10T14:21:07.776Z","-1","MIGROS-CDC","phishing;brand-abuse;migros","TLP:CLEAR","n/a"
"3fd8ad13-bad2-4453-9291-a1b29a6df71a","URL","http://migrosmy.click/","2025-10-10T14:21:07.778Z","-1","MIGROS-CDC","phishing;brand-abuse;migros","TLP:CLEAR","n/a"
"7e9e1e8c-ea54-46cd-884a-3c85c5ff185b","URL","http://migrovips.top/","2025-10-10T14:21:07.778Z","-1","MIGROS-CDC","phishing;brand-abuse;migros","TLP:CLEAR","n/a"
"fdfe14da-0607-4e2e-817d-33e85872f7a0","URL","http://migrosvip.click/","2025-10-10T14:21:07.781Z","-1","MIGROS-CDC","phishing;brand-abuse;migros","TLP:CLEAR","n/a"
"f2f2683e-c48b-41d8-b89e-9fd9baede3dd","URL","http://www.migrosreward.183737.com/","2025-10-10T14:21:07.788Z","-1","MIGROS-CDC","phishing;brand-abuse;migros","TLP:CLEAR","n/a"
"2fc22aee-0c2e-4e7c-9f9c-f3ab5183d560","URL","https://migrosreward.141888.cc/ch","2025-10-10T14:21:07.788Z","-1","MIGROS-CDC","phishing;brand-abuse;migros","TLP:CLEAR","n/a"
"35a28c54-8fff-4b00-bef8-b2a30c2bf525","URL","https://migrosmitglied.top/","2025-10-10T14:21:07.788Z","-1","MIGROS-CDC","phishing;brand-abuse;migros","TLP:CLEAR","n/a"
"eca90f54-15d0-4e7d-96d1-c62ccb115d43","URL","https://migrosrewards.top/","2025-10-10T14:21:07.788Z","-1","MIGROS-CDC","phishing;brand-abuse;migros","TLP:CLEAR","n/a"
"72d850ea-74c1-4b20-b00c-6184d080d2ba","URL","http://migrosvmy.click/","2025-10-10T14:21:07.791Z","-1","MIGROS-CDC","phishing;brand-abuse;migros","TLP:CLEAR","n/a"
"b82aa199-2163-4974-9ae1-696e4520d094","URL","http://migro-bank.ch/","2025-10-10T14:21:07.793Z","-1","MIGROS-CDC","phishing;brand-abuse;migros","TLP:CLEAR","n/a"
"2a8c047f-20cd-44b5-a84e-5a7cbc5bba59","URL","http://migroarreda.it/","2025-10-10T14:21:07.800Z","-1","MIGROS-CDC","phishing;brand-abuse;migros","TLP:CLEAR","n/a"
"45079963-b399-4826-b6db-2c8132521a9c","URL","http://mligrros.cc/ch","2025-10-10T14:21:07.801Z","-1","MIGROS-CDC","phishing;brand-abuse;migros","TLP:CLEAR","n/a"
"d57f684f-7673-4851-acdf-3bd4865aabf8","URL","https://migrosvip.click/ch","2025-10-10T14:21:07.805Z","-1","MIGROS-CDC","phishing;brand-abuse;migros","TLP:CLEAR","n/a"
"c0f7a596-a0d1-4942-9232-b4ee742e4216","URL","https://mligrros.cc/ch","2025-10-10T14:21:07.808Z","-1","MIGROS-CDC","phishing;brand-abuse;migros","TLP:CLEAR","n/a"
"634e9fe5-399e-48b0-a5ec-ee51895afdb2","URL","https://migroscoupons.top/","2025-10-10T14:21:07.809Z","-1","MIGROS-CDC","phishing;brand-abuse;migros","TLP:CLEAR","n/a"
"c35fc947-f7be-4e4c-9460-ccbbfb8d7ecd","URL","https://www.migrosspremium.top/ch","2025-10-10T14:21:07.809Z","-1","MIGROS-CDC","phishing;brand-abuse;migros","TLP:CLEAR","n/a"
"0244871f-565d-452b-b50e-60e1a00fc246","URL","http://migrosxvip.click/","2025-10-10T14:21:07.815Z","-1","MIGROS-CDC","phishing;brand-abuse;migros","TLP:CLEAR","n/a"
"564bb588-e68b-468e-b46e-5ea17d5d1712","URL","http://migrosreward.765105.com/","2025-10-10T14:21:07.852Z","-1","MIGROS-CDC","phishing;brand-abuse;migros","TLP:CLEAR","n/a"
"49b2cf04-55d0-4010-b259-2c4fa234eb1b","URL","https://migrosreward.top/","2025-10-10T14:21:07.874Z","-1","MIGROS-CDC","phishing;brand-abuse;migros","TLP:CLEAR","n/a"
"c738e0e4-dfdd-44fa-b728-649d20ea5f58","URL","https://migrosclaim.top/ch/c_pay.html","2025-10-10T14:21:08.418Z","-1","MIGROS-CDC","phishing;brand-abuse;migros","TLP:CLEAR","n/a"
"a04844e3-2571-415f-8afc-f5af47058633","URL","http://migrosreward.323737.com/","2025-10-10T14:22:12.304Z","-1","MIGROS-CDC","phishing;brand-abuse;migros","TLP:CLEAR","n/a"
"29f04563-4be0-4468-be96-dd745e3c08c1","URL","https://migrosammelpunkte.top/ch","2025-10-10T14:22:12.316Z","-1","MIGROS-CDC","phishing;brand-abuse;migros","TLP:CLEAR","n/a"
"360a68a1-e95e-41b0-b9ff-2f37a46b8d85","URL","http://migrosreward.853332.com/","2025-10-10T14:22:12.317Z","-1","MIGROS-CDC","phishing;brand-abuse;migros","TLP:CLEAR","n/a"
"361e9796-536f-44ee-9580-1607d8d1d47a","URL","https://migroscumulus.top/","2025-10-10T14:22:12.324Z","-1","MIGROS-CDC","phishing;brand-abuse;migros","TLP:CLEAR","n/a"
"c9a5db03-8dfd-4e91-9d88-1f8da6642645","URL","https://migrovips.top/ch","2025-10-10T14:22:12.439Z","-1","MIGROS-CDC","phishing;brand-abuse;migros","TLP:CLEAR","n/a"
"851f23b4-ccee-45e5-bee0-9849ea3db4ae","URL","http://migrovip.top/","2025-10-10T14:22:12.440Z","-1","MIGROS-CDC","phishing;brand-abuse;migros","TLP:CLEAR","n/a"
"b7eba21e-625c-4dc5-996b-ceaeeb45e13e","URL","https://migrospunkte.top/ch","2025-10-10T14:22:12.449Z","-1","MIGROS-CDC","phishing;brand-abuse;migros","TLP:CLEAR","n/a"
"b27227cd-62b6-4ebd-a934-28cec856e2e9","URL","https://migros-einloesen.click/","2025-10-10T14:22:12.462Z","-1","MIGROS-CDC","phishing;brand-abuse;migros","TLP:CLEAR","n/a"
"673f21f3-2f04-4f67-a45c-ee27dd996942","URL","http://migrosreward.535151.com/","2025-10-10T14:22:12.477Z","-1","MIGROS-CDC","phishing;brand-abuse;migros","TLP:CLEAR","n/a"
"8777e3b4-eb2c-4ef5-a0de-824ec7541632","URL","http://migros-einloesen.click/","2025-10-10T14:22:12.480Z","-1","MIGROS-CDC","phishing;brand-abuse;migros","TLP:CLEAR","n/a"
"7f7ab3ac-e222-4340-9dbf-131e74b221bc","URL","https://migroteams.click/ch","2025-10-10T14:22:12.481Z","-1","MIGROS-CDC","phishing;brand-abuse;migros","TLP:CLEAR","n/a"
"97d78395-fcf9-493e-a9ff-321f8835da43","URL","https://migrosboni.top/","2025-10-10T14:22:12.482Z","-1","MIGROS-CDC","phishing;brand-abuse;migros","TLP:CLEAR","n/a"
"1aa0a5dd-50b3-4e46-8afd-64b1869d4842","URL","https://migrosmitglied.top/ch/c_pay.html","2025-10-10T14:22:12.483Z","-1","MIGROS-CDC","phishing;brand-abuse;migros","TLP:CLEAR","n/a"
"8081c141-eaf1-47df-af8e-8d253ba82672","URL","http://migro-bank.com/","2025-10-10T14:22:12.484Z","-1","MIGROS-CDC","phishing;brand-abuse;migros","TLP:CLEAR","n/a"
"2b70c214-0b1d-42a0-9f30-dffb08de1ae5","URL","http://migrovipgo.click/","2025-10-10T14:22:12.485Z","-1","MIGROS-CDC","phishing;brand-abuse;migros","TLP:CLEAR","n/a"
"bb51d32c-2781-4736-b7f9-cdcd05efed14","URL","http://migroben.com/","2025-10-10T14:22:12.486Z","-1","MIGROS-CDC","phishing;brand-abuse;migros","TLP:CLEAR","n/a"
"c06eeebf-9b63-448d-b970-518399f1f36b","URL","https://migrosreward.165486.com/ch/","2025-10-10T14:22:12.486Z","-1","MIGROS-CDC","phishing;brand-abuse;migros","TLP:CLEAR","n/a"
"a8f005ac-7cf8-45b5-95d3-35001ea31b8f","URL","https://migrosbelohnugen.top/","2025-10-10T14:22:12.493Z","-1","MIGROS-CDC","phishing;brand-abuse;migros","TLP:CLEAR","n/a"
"daca290e-5621-4850-b094-2b8fece3f94c","URL","http://migrosreward.759569.com/","2025-10-10T14:22:12.495Z","-1","MIGROS-CDC","phishing;brand-abuse;migros","TLP:CLEAR","n/a"
"fc877ba5-6717-4b94-87f0-5ad9c9660ddd","URL","https://migrospointscheck365.top/ch/","2025-10-10T14:22:12.496Z","-1","MIGROS-CDC","phishing;brand-abuse;migros","TLP:CLEAR","n/a"
"da24f0ea-7dbb-499f-bccb-3a60c12bc21a","URL","http://migrosreward.797986.com/","2025-10-10T14:22:12.501Z","-1","MIGROS-CDC","phishing;brand-abuse;migros","TLP:CLEAR","n/a"
"d752f043-9f6f-4b3a-bd10-8fbd8b117ffe","URL","http://migrosreward.477231.com/","2025-10-10T14:22:12.503Z","-1","MIGROS-CDC","phishing;brand-abuse;migros","TLP:CLEAR","n/a"
"b7a7189a-2da6-41ae-82e9-2aedbeb3fb32","URL","http://migrosreward.808979.com/","2025-10-10T14:22:12.510Z","-1","MIGROS-CDC","phishing;brand-abuse;migros","TLP:CLEAR","n/a"
"992247fd-4c6b-46d6-8091-b25c3b9d99b5","URL","https://migrosreward.997966.cc/link","2025-10-10T14:22:12.510Z","-1","MIGROS-CDC","phishing;brand-abuse;migros","TLP:CLEAR","n/a"
"9646873d-f18e-433d-8b01-288f0f1ae161","URL","http://migrosreward-s12805.top/","2025-10-10T14:22:12.513Z","-1","MIGROS-CDC","phishing;brand-abuse;migros","TLP:CLEAR","n/a"
"779fd14e-2686-4669-b66a-e89ea4fd8b81","URL","http://migro-bike.com/","2025-10-10T14:22:12.513Z","-1","MIGROS-CDC","phishing;brand-abuse;migros","TLP:CLEAR","n/a"
"fe9ffdea-07c1-4cc1-8f24-367924a24fa4","URL","https://migrosrewardsprogram.top/au","2025-10-10T14:22:12.514Z","-1","MIGROS-CDC","phishing;brand-abuse;migros","TLP:CLEAR","n/a"
"91e4d538-4466-428e-a5a6-d32b439fb0e2","URL","http://migrosreward.353589.com/","2025-10-10T14:22:12.517Z","-1","MIGROS-CDC","phishing;brand-abuse;migros","TLP:CLEAR","n/a"
"d700b8f1-1c9c-46f1-b723-b574a9a4fb62","URL","https://migrosbonuspunkte.top/ch","2025-10-10T14:22:12.517Z","-1","MIGROS-CDC","phishing;brand-abuse;migros","TLP:CLEAR","n/a"
"c487f9d5-b28b-4fc3-a652-caf4a7672659","URL","https://migrosreward.11698.cc/link","2025-10-10T14:22:12.517Z","-1","MIGROS-CDC","phishing;brand-abuse;migros","TLP:CLEAR","n/a"
"eebc1443-9cf8-4f1b-aec5-64511c1e4ec5","URL","https://migrospunkte.click/ch","2025-10-10T14:22:12.517Z","-1","MIGROS-CDC","phishing;brand-abuse;migros","TLP:CLEAR","n/a"
"12d513ae-87d2-423d-9e61-c4416f5c032f","URL","http://migros-gutschein.click/","2025-10-10T14:22:12.522Z","-1","MIGROS-CDC","phishing;brand-abuse;migros","TLP:CLEAR","n/a"
"2d65667a-bc17-4e05-81ad-9b78ebf97784","URL","http://migro.ag/","2025-10-10T14:22:12.522Z","-1","MIGROS-CDC","phishing;brand-abuse;migros","TLP:CLEAR","n/a"
"95ae5d1c-6b66-497e-bf4d-df67cd05440b","URL","http://migros-cumulusbonus.click/","2025-10-10T14:22:12.522Z","-1","MIGROS-CDC","phishing;brand-abuse;migros","TLP:CLEAR","n/a"
"09d61dd9-4d10-4a9a-8c65-c739c98d7dd0","URL","http://migroa.us/","2025-10-10T14:22:12.524Z","-1","MIGROS-CDC","phishing;brand-abuse;migros","TLP:CLEAR","n/a"
"5e672f55-8e27-49af-8b48-5c3c668c3c02","URL","https://migrosreward.344117.com/","2025-10-10T14:22:12.527Z","-1","MIGROS-CDC","phishing;brand-abuse;migros","TLP:CLEAR","n/a"
"48df2bb5-cd29-4c9f-ab94-1434e4aef47b","URL","http://migroxvip.click/","2025-10-10T14:22:12.529Z","-1","MIGROS-CDC","phishing;brand-abuse;migros","TLP:CLEAR","n/a"
"e9eb8875-bb4a-4434-ab8c-9c9f0bae6a92","URL","https://migrosteams.click/ch","2025-10-10T14:22:12.531Z","-1","MIGROS-CDC","phishing;brand-abuse;migros","TLP:CLEAR","n/a"
"df3482cf-8662-4be0-a6a6-0fed399eba52","URL","https://migrosreward.759569.com/","2025-10-10T14:22:12.531Z","-1","MIGROS-CDC","phishing;brand-abuse;migros","TLP:CLEAR","n/a"
"341ea391-551b-47ca-a30c-0231899a58ca","URL","http://migros-punkte.click/","2025-10-10T14:22:12.531Z","-1","MIGROS-CDC","phishing;brand-abuse;migros","TLP:CLEAR","n/a"
"fcb76d53-c249-4f1c-9a5a-b760919b86e6","URL","https://migrosreward.165486.com/ch","2025-10-10T14:22:12.534Z","-1","MIGROS-CDC","phishing;brand-abuse;migros","TLP:CLEAR","n/a"
"b3d10e80-d03f-4bf2-9a64-34bdeb7e440d","URL","http://migros-praemien.click/","2025-10-10T14:22:12.534Z","-1","MIGROS-CDC","phishing;brand-abuse;migros","TLP:CLEAR","n/a"
"dc7e33db-3a00-47e8-8dca-a55005ad718f","URL","http://migrosreward.808079.com/","2025-10-10T14:22:12.537Z","-1","MIGROS-CDC","phishing;brand-abuse;migros","TLP:CLEAR","n/a"
"89d6c6c3-d004-4fed-9f3c-48bd30dcfcd1","URL","https://migrosreward.535151.com/","2025-10-10T14:22:12.537Z","-1","MIGROS-CDC","phishing;brand-abuse;migros","TLP:CLEAR","n/a"
"b5b3bf13-3893-44c7-a755-19e93fd59d33","URL","http://migrosreward.344117.com/","2025-10-10T14:22:12.537Z","-1","MIGROS-CDC","phishing;brand-abuse;migros","TLP:CLEAR","n/a"
"600c7ead-3990-4768-86df-791706b59ff1","URL","https://migrosreward.11633.cc/link","2025-10-10T14:22:12.537Z","-1","MIGROS-CDC","phishing;brand-abuse;migros","TLP:CLEAR","n/a"
"65ea480e-60ba-483f-8c0d-840b3400b074","URL","http://migrovipgos.click/","2025-10-10T14:22:12.537Z","-1","MIGROS-CDC","phishing;brand-abuse;migros","TLP:CLEAR","n/a"
"db7ec746-32fa-446f-b1f8-7eac898b2b06","URL","https://migrosreward.11625.cc/link","2025-10-10T14:22:12.542Z","-1","MIGROS-CDC","phishing;brand-abuse;migros","TLP:CLEAR","n/a"
"2fa1de9a-6a3b-4270-b675-5a481a5a4513","IPV4-ADDR","69.163.216.80","2025-10-10T15:01:37.055Z","-1","MIGROS-CDC","phishing;brand-abuse;migros","TLP:CLEAR","n/a"
"5e9e8a79-c5cc-4e94-a7c2-2d734e1f2524","IPV4-ADDR","75.2.18.233","2025-10-10T15:01:37.058Z","-1","MIGROS-CDC","phishing;brand-abuse;migros","TLP:CLEAR","n/a"
"4536d446-4fc3-400a-8468-65461ae85c4f","IPV4-ADDR","43.159.39.19","2025-10-10T15:01:37.058Z","-1","MIGROS-CDC","phishing;brand-abuse;migros","TLP:CLEAR","n/a"
"c681e93e-6a07-4792-b58c-8698fa553547","IPV4-ADDR","43.160.247.29","2025-10-10T15:01:37.060Z","-1","MIGROS-CDC","phishing;brand-abuse;migros","TLP:CLEAR","n/a"
"fe858b85-b247-4673-9e98-0dcd52f82c01","IPV4-ADDR","43.160.193.44","2025-10-10T15:01:37.061Z","-1","MIGROS-CDC","phishing;brand-abuse;migros","TLP:CLEAR","n/a"
"6a541aac-f3fc-4155-896c-0f15ff09e335","IPV4-ADDR","43.165.61.217","2025-10-10T15:01:37.066Z","-1","MIGROS-CDC","phishing;brand-abuse;migros","TLP:CLEAR","n/a"
"e5cd7fe7-1e56-4c4e-8cc8-1eb34902ed8d","IPV4-ADDR","43.160.252.215","2025-10-10T15:01:37.071Z","-1","MIGROS-CDC","phishing;brand-abuse;migros","TLP:CLEAR","n/a"
